﻿CountryRegionCode,Name,ModifiedDate
AD,Andorra,2008-04-30 0:00
AE,United Arab Emirates,2008-04-30 0:00
AF,Afghanistan,2008-04-30 0:00
AG,Antigua and Barbuda,2008-04-30 0:00
AI,Anguilla,2008-04-30 0:00
AL,Albania,2008-04-30 0:00
AM,Armenia,2008-04-30 0:00
AN,Netherlands Antilles,2008-04-30 0:00
AO,Angola,2008-04-30 0:00
AQ,Antarctica,2008-04-30 0:00
AR,Argentina,2008-04-30 0:00
AS,American Samoa,2008-04-30 0:00
AT,Austria,2008-04-30 0:00
AU,Australia,2008-04-30 0:00
AW,Aruba,2008-04-30 0:00
AZ,Azerbaijan,2008-04-30 0:00
BA,Bosnia and Herzegovina,2008-04-30 0:00
BB,Barbados,2008-04-30 0:00
BD,Bangladesh,2008-04-30 0:00
BE,Belgium,2008-04-30 0:00
BF,Burkina Faso,2008-04-30 0:00
BG,Bulgaria,2008-04-30 0:00
BH,Bahrain,2008-04-30 0:00
BI,Burundi,2008-04-30 0:00
BJ,Benin,2008-04-30 0:00
BM,Bermuda,2008-04-30 0:00
BN,Brunei,2008-04-30 0:00
BO,Bolivia,2008-04-30 0:00
BR,Brazil,2008-04-30 0:00
BS,"Bahamas, The",2008-04-30 0:00
BT,Bhutan,2008-04-30 0:00
BV,Bouvet Island,2008-04-30 0:00
BW,Botswana,2008-04-30 0:00
BY,Belarus,2008-04-30 0:00
BZ,Belize,2008-04-30 0:00
CA,Canada,2008-04-30 0:00
CC,Cocos (Keeling) Islands,2008-04-30 0:00
CD,Congo (DRC),2008-04-30 0:00
CF,Central African Republic,2008-04-30 0:00
CG,Congo,2008-04-30 0:00
CH,Switzerland,2008-04-30 0:00
CI,Côte d'Ivoire,2008-04-30 0:00
CK,Cook Islands,2008-04-30 0:00
CL,Chile,2008-04-30 0:00
CM,Cameroon,2008-04-30 0:00
CN,China,2008-04-30 0:00
CO,Colombia,2008-04-30 0:00
CR,Costa Rica,2008-04-30 0:00
CS,Serbia and Montenegro,2008-04-30 0:00
CU,Cuba,2008-04-30 0:00
CV,Cape Verde,2008-04-30 0:00
CX,Christmas Island,2008-04-30 0:00
CY,Cyprus,2008-04-30 0:00
CZ,Czech Republic,2008-04-30 0:00
DE,Germany,2008-04-30 0:00
DJ,Djibouti,2008-04-30 0:00
DK,Denmark,2008-04-30 0:00
DM,Dominica,2008-04-30 0:00
DO,Dominican Republic,2008-04-30 0:00
DZ,Algeria,2008-04-30 0:00
EC,Ecuador,2008-04-30 0:00
EE,Estonia,2008-04-30 0:00
EG,Egypt,2008-04-30 0:00
ER,Eritrea,2008-04-30 0:00
ES,Spain,2008-04-30 0:00
ET,Ethiopia,2008-04-30 0:00
FI,Finland,2008-04-30 0:00
FJ,Fiji Islands,2008-04-30 0:00
FK,Falkland Islands (Islas Malvinas),2008-04-30 0:00
FM,Micronesia,2008-04-30 0:00
FO,Faroe Islands,2008-04-30 0:00
FR,France,2008-04-30 0:00
GA,Gabon,2008-04-30 0:00
GB,United Kingdom,2008-04-30 0:00
GD,Grenada,2008-04-30 0:00
GE,Georgia,2008-04-30 0:00
GF,French Guiana,2008-04-30 0:00
GH,Ghana,2008-04-30 0:00
GI,Gibraltar,2008-04-30 0:00
GL,Greenland,2008-04-30 0:00
GM,"Gambia, The",2008-04-30 0:00
GN,Guinea,2008-04-30 0:00
GP,Guadeloupe,2008-04-30 0:00
GQ,Equatorial Guinea,2008-04-30 0:00
GR,Greece,2008-04-30 0:00
GS,South Georgia and the South Sandwich Islands,2008-04-30 0:00
GT,Guatemala,2008-04-30 0:00
GU,Guam,2008-04-30 0:00
GW,Guinea-Bissau,2008-04-30 0:00
GY,Guyana,2008-04-30 0:00
HK,Hong Kong SAR,2008-04-30 0:00
HM,Heard Island and McDonald Islands,2008-04-30 0:00
HN,Honduras,2008-04-30 0:00
HR,Croatia,2008-04-30 0:00
HT,Haiti,2008-04-30 0:00
HU,Hungary,2008-04-30 0:00
ID,Indonesia,2008-04-30 0:00
IE,Ireland,2008-04-30 0:00
IL,Israel,2008-04-30 0:00
IN,India,2008-04-30 0:00
IO,British Indian Ocean Territory,2008-04-30 0:00
IQ,Iraq,2008-04-30 0:00
IR,Iran,2008-04-30 0:00
IS,Iceland,2008-04-30 0:00
IT,Italy,2008-04-30 0:00
JM,Jamaica,2008-04-30 0:00
JO,Jordan,2008-04-30 0:00
JP,Japan,2008-04-30 0:00
KE,Kenya,2008-04-30 0:00
KG,Kyrgyzstan,2008-04-30 0:00
KH,Cambodia,2008-04-30 0:00
KI,Kiribati,2008-04-30 0:00
KM,Comoros,2008-04-30 0:00
KN,Saint Kitts and Nevis,2008-04-30 0:00
KP,North Korea,2008-04-30 0:00
KR,Korea,2008-04-30 0:00
KW,Kuwait,2008-04-30 0:00
KY,Cayman Islands,2008-04-30 0:00
KZ,Kazakhstan,2008-04-30 0:00
LA,Laos,2008-04-30 0:00
LB,Lebanon,2008-04-30 0:00
LC,Saint Lucia,2008-04-30 0:00
LI,Liechtenstein,2008-04-30 0:00
LK,Sri Lanka,2008-04-30 0:00
LR,Liberia,2008-04-30 0:00
LS,Lesotho,2008-04-30 0:00
LT,Lithuania,2008-04-30 0:00
LU,Luxembourg,2008-04-30 0:00
LV,Latvia,2008-04-30 0:00
LY,Libya,2008-04-30 0:00
MA,Morocco,2008-04-30 0:00
MC,Monaco,2008-04-30 0:00
MD,Moldova,2008-04-30 0:00
MG,Madagascar,2008-04-30 0:00
MH,Marshall Islands,2008-04-30 0:00
MK,"Macedonia, Former Yugoslav Republic of",2008-04-30 0:00
ML,Mali,2008-04-30 0:00
MM,Myanmar,2008-04-30 0:00
MN,Mongolia,2008-04-30 0:00
MO,Macao SAR,2008-04-30 0:00
MP,Northern Mariana Islands,2008-04-30 0:00
MQ,Martinique,2008-04-30 0:00
MR,Mauritania,2008-04-30 0:00
MS,Montserrat,2008-04-30 0:00
MT,Malta,2008-04-30 0:00
MU,Mauritius,2008-04-30 0:00
MV,Maldives,2008-04-30 0:00
MW,Malawi,2008-04-30 0:00
MX,Mexico,2008-04-30 0:00
MY,Malaysia,2008-04-30 0:00
MZ,Mozambique,2008-04-30 0:00
NA,Namibia,2008-04-30 0:00
NC,New Caledonia,2008-04-30 0:00
NE,Niger,2008-04-30 0:00
NF,Norfolk Island,2008-04-30 0:00
NG,Nigeria,2008-04-30 0:00
NI,Nicaragua,2008-04-30 0:00
NL,Netherlands,2008-04-30 0:00
NO,Norway,2008-04-30 0:00
NP,Nepal,2008-04-30 0:00
NR,Nauru,2008-04-30 0:00
NU,Niue,2008-04-30 0:00
NZ,New Zealand,2008-04-30 0:00
OM,Oman,2008-04-30 0:00
PA,Panama,2008-04-30 0:00
PE,Peru,2008-04-30 0:00
PF,French Polynesia,2008-04-30 0:00
PG,Papua New Guinea,2008-04-30 0:00
PH,Philippines,2008-04-30 0:00
PK,Pakistan,2008-04-30 0:00
PL,Poland,2008-04-30 0:00
PM,Saint Pierre and Miquelon,2008-04-30 0:00
PN,Pitcairn Islands,2008-04-30 0:00
PR,Puerto Rico,2008-04-30 0:00
PS,Palestinian Authority,2008-04-30 0:00
PT,Portugal,2008-04-30 0:00
PW,Palau,2008-04-30 0:00
PY,Paraguay,2008-04-30 0:00
QA,Qatar,2008-04-30 0:00
RE,Réunion,2008-04-30 0:00
RO,Romania,2008-04-30 0:00
RU,Russia,2008-04-30 0:00
RW,Rwanda,2008-04-30 0:00
SA,Saudi Arabia,2008-04-30 0:00
SB,Solomon Islands,2008-04-30 0:00
SC,Seychelles,2008-04-30 0:00
SD,Sudan,2008-04-30 0:00
SE,Sweden,2008-04-30 0:00
SG,Singapore,2008-04-30 0:00
SH,Saint Helena,2008-04-30 0:00
SI,Slovenia,2008-04-30 0:00
SJ,Svalbard and Jan Mayen,2008-04-30 0:00
SK,Slovakia,2008-04-30 0:00
SL,Sierra Leone,2008-04-30 0:00
SM,San Marino,2008-04-30 0:00
SN,Senegal,2008-04-30 0:00
SO,Somalia,2008-04-30 0:00
SR,Suriname,2008-04-30 0:00
ST,São Tomé and Príncipe,2008-04-30 0:00
SV,El Salvador,2008-04-30 0:00
SY,Syria,2008-04-30 0:00
SZ,Swaziland,2008-04-30 0:00
TC,Turks and Caicos Islands,2008-04-30 0:00
TD,Chad,2008-04-30 0:00
TF,French Southern and Antarctic Lands,2008-04-30 0:00
TG,Togo,2008-04-30 0:00
TH,Thailand,2008-04-30 0:00
TJ,Tajikistan,2008-04-30 0:00
TK,Tokelau,2008-04-30 0:00
TL,Timor-Leste,2008-04-30 0:00
TM,Turkmenistan,2008-04-30 0:00
TN,Tunisia,2008-04-30 0:00
TO,Tonga,2008-04-30 0:00
TR,Turkey,2008-04-30 0:00
TT,Trinidad and Tobago,2008-04-30 0:00
TV,Tuvalu,2008-04-30 0:00
TW,Taiwan,2008-04-30 0:00
TZ,Tanzania,2008-04-30 0:00
UA,Ukraine,2008-04-30 0:00
UG,Uganda,2008-04-30 0:00
UM,U.S. Minor Outlying Islands,2008-04-30 0:00
US,United States,2008-04-30 0:00
UY,Uruguay,2008-04-30 0:00
UZ,Uzbekistan,2008-04-30 0:00
VA,Vatican City,2008-04-30 0:00
VC,Saint Vincent and the Grenadine,2008-04-30 0:00
VE,Venezuela,2008-04-30 0:00
VG,"Virgin Islands, British",2008-04-30 0:00
VI,"Virgin Islands, U.S.",2008-04-30 0:00
VN,Vietnam,2008-04-30 0:00
VU,Vanuatu,2008-04-30 0:00
WF,Wallis and Futuna,2008-04-30 0:00
WS,Samoa,2008-04-30 0:00
YE,Yemen,2008-04-30 0:00
YT,Mayotte,2008-04-30 0:00
ZA,South Africa,2008-04-30 0:00
ZM,Zambia,2008-04-30 0:00
ZW,Zimbabwe,2008-04-30 0:00
