﻿BusinessEntityID,NationalIDNumber,LoginID,OrganizationNode,OrganizationLevel,JobTitle,BirthDate,MaritalStatus,Gender,HireDate,SalariedFlag,VacationHours,SickLeaveHours,CurrentFlag,rowguid,ModifiedDate
29,948320468,adventure-works\mark1,/3/1/1/2/,4,Production Technician - WC60,25-Sep-79,S,M,23-Jan-09,False,19,29,True,CDB2C6DF-93E5-4558-91C8-424D5E7C658B,2014-06-30 0:00
37,442121106,adventure-works\chris2,/3/1/1/10/,4,Production Technician - WC60,07-Aug-86,S,M,07-Mar-09,False,16,28,True,77B384C7-AFFB-4816-992B-F5B3034EE4FF,2014-06-30 0:00
39,461786517,adventure-works\ed0,/3/1/1/12/,4,Production Technician - WC60,11-Sep-71,S,M,05-Feb-10,False,25,32,True,8EF22FB3-AF37-4B44-8862-D60A7CB09D82,2014-06-30 0:00
41,458159238,adventure-works\bryan0,/3/1/2/1/,4,Production Technician - WC60,27-Aug-73,S,M,21-Jan-09,False,35,37,True,4652D4E4-6A27-47ED-9F51-C377E293DA28,2014-06-30 0:00
44,276751903,adventure-works\simon0,/3/1/2/4/,4,Production Technician - WC60,17-May-90,S,M,08-Dec-08,False,38,39,True,F734D38A-56B5-471E-8DED-A682E958A9B3,2014-06-30 0:00
46,66073987,adventure-works\eugene1,/3/1/2/6/,4,Production Technician - WC60,10-Feb-76,S,M,08-Feb-09,False,36,38,True,33543B35-77DA-4600-A41B-1EAFEA0AD643,2014-06-30 0:00
49,912265825,adventure-works\barry0,/3/1/3/2/,4,Production Technician - WC10,26-Mar-56,S,M,07-Jan-08,False,88,64,True,756A60AE-378F-43D8-9F93-1E821D1EAF52,2014-06-30 0:00
51,132674823,adventure-works\jeffrey0,/3/1/3/4/,4,Production Technician - WC10,11-Jul-56,S,M,20-Feb-08,False,85,62,True,6E086F41-B81D-4BDC-9F13-0EEC488DC43E,2014-06-30 0:00
57,10708100,adventure-works\frank1,/3/1/4/2/,4,Production Technician - WC50,24-Jul-71,S,M,23-Feb-09,False,10,25,True,B395CD84-77BA-4D3C-A49D-D9E8D6CF100B,2014-06-30 0:00
59,843479922,adventure-works\bob0,/3/1/4/4/,4,Production Technician - WC50,16-Aug-79,S,M,24-Dec-08,False,12,26,True,68616AEA-81E5-4940-A7E4-6FBA882BCCF6,2014-06-30 0:00
60,827686041,adventure-works\pete0,/3/1/4/5/,4,Production Technician - WC50,03-Feb-77,S,M,11-Jan-09,False,13,26,True,1F1D813D-3EDC-4274-8E9B-4519D71685B6,2014-06-30 0:00
63,414476027,adventure-works\maciej0,/3/1/5/1/,4,Production Technician - WC60,30-Jan-55,S,M,29-Jan-10,False,30,35,True,3229D93F-6A14-4BAC-ABC5-A91B9ECFB4D3,2014-06-30 0:00
64,582347317,adventure-works\michael7,/3/1/5/2/,4,Production Technician - WC60,05-Sep-73,S,M,23-Feb-10,False,26,33,True,492B24BD-BDE9-4371-B96E-CCD72264B91F,2014-06-30 0:00
66,834186596,adventure-works\karan0,/3/1/5/4/,4,Production Technician - WC60,07-Mar-70,S,M,22-Dec-09,False,28,34,True,08B1BA74-DD80-4FDA-8327-93268B84977B,2014-06-30 0:00
67,63179277,adventure-works\jay0,/3/1/5/5/,4,Production Technician - WC60,11-Feb-76,S,M,05-Mar-09,False,32,36,True,18187809-5294-474F-85A1-D5BE6BD518D6,2014-06-30 0:00
68,537092325,adventure-works\charles0,/3/1/5/6/,4,Production Technician - WC60,02-Sep-71,S,M,03-Dec-09,False,27,33,True,CDC11292-DF74-4FB0-8676-5B2AA4687142,2014-06-30 0:00
69,752513276,adventure-works\steve0,/3/1/5/7/,4,Production Technician - WC60,06-Apr-91,S,M,15-Feb-09,False,31,35,True,12F678D7-EAD3-4CF4-8518-A19AACF2A6D4,2014-06-30 0:00
74,420023788,adventure-works\bjorn0,/3/1/6/3/,4,Production Technician - WC30,06-Nov-89,S,M,07-Jan-09,False,43,41,True,A942E1E0-2D5E-4858-97C0-947020E96860,2014-06-30 0:00
75,363996959,adventure-works\michiko0,/3/1/6/4/,4,Production Technician - WC30,27-Jun-82,S,M,26-Jan-09,False,44,42,True,F359F5B6-5E18-4C62-8531-14D951911CE5,2014-06-30 0:00
80,943170460,adventure-works\sandeep0,/3/1/7/2/,4,Production Technician - WC40,03-Dec-70,S,M,17-Jan-10,False,65,52,True,606C21E2-3EC0-48A6-A9FE-6BC8123AC786,2014-06-30 0:00
81,413787783,adventure-works\mihail0,/3/1/7/3/,4,Production Technician - WC40,09-Mar-71,S,M,29-Dec-09,False,64,52,True,03A9BA14-0D5B-4671-B851-2C1721EFBF01,2014-06-30 0:00
82,58791499,adventure-works\jack1,/3/1/7/4/,4,Production Technician - WC40,29-Aug-73,S,M,03-Mar-10,False,62,51,True,D308D387-F7F3-4B5F-ABDA-FAF5574245CD,2014-06-30 0:00
85,1662732,adventure-works\brian2,/3/1/7/7/,4,Production Technician - WC40,23-Dec-70,S,M,11-Dec-09,False,63,51,True,C294F676-CAAF-4924-9730-BC81AE408BE1,2014-06-30 0:00
89,90888098,adventure-works\patrick0,/3/1/8/2/,4,Production Technician - WC10,10-Sep-86,S,M,01-Feb-10,False,96,68,True,D5FBE9E6-B8C5-484C-B4B8-48059E0EF267,2014-06-30 0:00
97,370581729,adventure-works\mandar0,/3/1/9/4/,4,Production Technician - WC50,21-Mar-86,S,M,10-Feb-09,False,0,20,True,1F0E068A-48C5-40BF-8190-565150EFDADD,2014-06-30 0:00
99,431859843,adventure-works\nuan0,/3/1/9/6/,4,Production Technician - WC50,29-Mar-79,S,M,06-Jan-09,False,2,21,True,A6089357-2F2F-48CC-AB3C-D9B75A3C09D7,2014-06-30 0:00
103,455563743,adventure-works\ebru0,/3/1/10/1/,4,Production Technician - WC10,22-Sep-86,S,M,06-Dec-09,False,93,66,True,6C25A32B-88B5-4F84-A129-F7F688DFA588,2014-06-30 0:00
105,801365500,adventure-works\kevin2,/3/1/10/3/,4,Production Technician - WC10,19-Sep-86,S,M,25-Dec-09,False,90,65,True,8B21E53D-E705-479A-B32E-6E63AC2F4BCD,2014-06-30 0:00
106,561196580,adventure-works\john4,/3/1/10/4/,4,Production Technician - WC10,28-Sep-86,S,M,27-Feb-10,False,92,66,True,D4CF23D9-21B6-45E4-827C-22890DF0373B,2014-06-30 0:00
110,857651804,adventure-works\jun0,/3/1/11/2/,4,Production Technician - WC50,06-Jul-79,S,M,14-Dec-08,False,90,65,True,9C5F84D1-FB96-4D82-92A1-F932903DEAAD,2014-06-30 0:00
111,415823523,adventure-works\suroor0,/3/1/11/3/,4,Production Technician - WC50,25-Feb-78,S,M,17-Dec-08,False,93,66,True,14010B0E-C101-4E41-B788-21923399E512,2014-06-30 0:00
112,981597097,adventure-works\john1,/3/1/11/4/,4,Production Technician - WC50,31-May-78,S,M,01-Jan-09,False,91,65,True,B6998410-EE0F-4307-9E6E-FE348F11012D,2014-06-30 0:00
116,398737566,adventure-works\michael2,/3/1/11/8/,4,Production Technician - WC50,03-May-74,S,M,31-Jan-09,False,98,69,True,C6EB2566-CF28-4602-9A25-5B91C8728838,2014-06-30 0:00
119,334834274,adventure-works\michael4,/3/1/11/11/,4,Production Technician - WC50,15-Jun-89,S,M,25-Feb-09,False,94,67,True,EB27C026-9470-4450-8D5E-1F38A41793B5,2014-06-30 0:00
128,384162788,adventure-works\paul0,/3/1/13/1/,4,Production Technician - WC40,13-Nov-80,S,M,04-Dec-08,False,68,54,True,0217049E-1566-42B6-8027-41B751E2B00B,2014-06-30 0:00
129,502058701,adventure-works\gary0,/3/1/13/2/,4,Production Technician - WC40,16-May-88,S,M,22-Dec-08,False,69,54,True,A03D6052-1F85-4EBE-AAC9-B67CFDCD91A6,2014-06-30 0:00
130,578953538,adventure-works\rob1,/3/1/13/3/,4,Production Technician - WC40,04-Aug-73,S,M,13-Feb-09,False,71,55,True,54FDA597-6822-42B4-B128-63ECA03071F2,2014-06-30 0:00
131,273260055,adventure-works\baris0,/3/1/13/4/,4,Production Technician - WC40,07-Oct-90,S,M,15-Feb-09,False,72,56,True,232D68BF-DF58-48F9-9235-53BD4B009B4B,2014-06-30 0:00
133,830150469,adventure-works\michael1,/3/1/13/6/,4,Production Technician - WC40,04-Jan-91,S,M,10-Jan-09,False,70,55,True,416BF905-7D6C-4692-8FD6-40F6C4F9ECC4,2014-06-30 0:00
139,113393530,adventure-works\hung-fu0,/3/1/14/5/,4,Production Technician - WC20,23-Oct-71,S,M,06-Jan-10,False,0,20,True,065D8D5F-9504-4FFE-98DC-E69677F19F15,2014-06-30 0:00
143,56772045,adventure-works\krishna0,/3/1/14/9/,4,Production Technician - WC20,05-Sep-71,S,M,13-Feb-10,False,2,21,True,42A506A5-0AC0-4148-B702-BB7B804EF98C,2014-06-30 0:00
146,160739235,adventure-works\jianshuo0,/3/1/15/1/,4,Production Technician - WC30,25-Jun-89,S,M,07-Dec-08,False,36,38,True,6FFF136A-9664-4EB9-9243-FAC76E21B9DD,2014-06-30 0:00
148,733022683,adventure-works\jason0,/3/1/15/3/,4,Production Technician - WC30,07-Dec-88,S,M,14-Jan-09,False,38,39,True,C16C501D-942D-4EB0-B5C4-EF8119FBEBA2,2014-06-30 0:00
153,568596888,adventure-works\hanying0,/3/1/16/1/,4,Production Technician - WC20,16-Oct-74,S,M,16-Dec-08,False,15,27,True,618B71BC-6E8C-492D-8862-B9EFB7A4E06A,2014-06-30 0:00
155,212801092,adventure-works\fadi0,/3/1/16/3/,4,Production Technician - WC20,15-Feb-89,S,M,04-Jan-09,False,16,28,True,9923376F-26D0-4845-9D99-CC3D696CAEB8,2014-06-30 0:00
159,404159499,adventure-works\terrence0,/3/1/16/7/,4,Production Technician - WC20,08-Dec-84,S,M,16-Feb-09,False,13,26,True,4DA76442-5EEF-41FB-AE19-16C55714F9AD,2014-06-30 0:00
161,275962311,adventure-works\kirk0,/3/1/17/1/,4,Production Technician - WC45,06-Feb-85,S,M,15-Dec-08,False,74,57,True,08D25BAA-167B-499C-8B51-31DCC856A8CF,2014-06-30 0:00
164,65848458,adventure-works\andrew1,/3/1/17/4/,4,Production Technician - WC45,24-Sep-88,S,M,06-Mar-09,False,73,56,True,A2A2CF20-4E5C-45F7-A7BD-1B94F0C3A43A,2014-06-30 0:00
167,498138869,adventure-works\david1,/3/1/18/1/,4,Production Technician - WC30,02-Nov-79,S,M,02-Dec-08,False,25,32,True,ED7EE92E-A9D0-4E3A-8DEE-4B143E459F7E,2014-06-30 0:00
168,271438431,adventure-works\garrett0,/3/1/18/2/,4,Production Technician - WC30,25-Aug-84,S,M,07-Dec-08,False,34,37,True,A6F5F72F-AA03-41B7-8B6E-B123BD360753,2014-06-30 0:00
171,746373306,adventure-works\david3,/3/1/18/5/,4,Production Technician - WC30,03-Aug-81,S,M,02-Jan-09,False,32,36,True,84C358D4-2493-452C-B7D6-B212C893A009,2014-06-30 0:00
173,87268837,adventure-works\eugene0,/3/1/18/7/,4,Production Technician - WC30,15-Jul-87,S,M,21-Jan-09,False,33,36,True,1BA1D374-18AE-48ED-938F-6F5D2EEC4D4D,2014-06-30 0:00
174,585408256,adventure-works\benjamin0,/3/1/18/8/,4,Production Technician - WC30,05-Jan-86,S,M,27-Jan-09,False,28,34,True,F1A6F824-895B-4A0F-AF1B-05FBA703E69F,2014-06-30 0:00
178,568626529,adventure-works\john3,/3/1/18/12/,4,Production Technician - WC30,24-Mar-82,S,M,03-Mar-09,False,27,33,True,96C7EAB1-6DEA-4C59-AFD8-923F0E8DE1F6,2014-06-30 0:00
179,587567941,adventure-works\jan0,/3/1/18/13/,4,Production Technician - WC30,15-Nov-74,S,M,05-Mar-09,False,30,35,True,975F827D-BE71-4EB1-8DBF-E6C451D1FAD5,2014-06-30 0:00
181,545337468,adventure-works\michael0,/3/1/19/1/,4,Production Technician - WC20,17-Nov-84,S,M,09-Dec-08,False,20,30,True,4FD6FE82-535A-4DD1-BEB1-154A8B5E42F0,2014-06-30 0:00
182,368920189,adventure-works\nitin0,/3/1/19/2/,4,Production Technician - WC20,01-Dec-86,S,M,28-Dec-08,False,21,30,True,EBBC6787-3F2D-4F6B-9EA3-4DEF02EF382E,2014-06-30 0:00
185,621932914,adventure-works\stefen0,/3/1/19/5/,4,Production Technician - WC20,21-Dec-75,S,M,28-Feb-09,False,19,29,True,B9EEBF9F-F694-4BC2-98EC-9B4FB0379EDF,2014-06-30 0:00
190,456839592,adventure-works\robert0,/3/1/20/4/,4,Production Technician - WC45,28-Feb-85,S,M,02-Feb-09,False,82,61,True,2203154E-5EBD-4ACA-99BE-D835A3309D03,2014-06-30 0:00
191,399658727,adventure-works\lionel0,/3/1/20/5/,4,Production Technician - WC45,14-Mar-88,S,M,26-Feb-09,False,78,59,True,231B1798-F67B-45C1-9688-265180F93D28,2014-06-30 0:00
193,761597760,adventure-works\alejandro0,/3/1/21/1/,4,Production Technician - WC40,05-Dec-88,S,M,06-Dec-08,False,52,46,True,8C7321D2-2C64-4902-9D64-8F5C1EB7F747,2014-06-30 0:00
194,295971920,adventure-works\fred0,/3/1/21/2/,4,Production Technician - WC40,25-Jun-89,S,M,12-Dec-08,False,47,43,True,45358AE8-0B0E-4C11-90BB-DAC3EC0D5C82,2014-06-30 0:00
195,918737118,adventure-works\kevin1,/3/1/21/3/,4,Production Technician - WC40,25-Dec-85,S,M,17-Dec-08,False,58,49,True,DC7E95FF-275E-41C2-8ED3-686864F0540A,2014-06-30 0:00
201,746201340,adventure-works\brian0,/3/1/21/9/,4,Production Technician - WC40,10-Feb-77,S,M,29-Jan-09,False,55,47,True,18D594A8-B4ED-43C0-9C43-6033FEAADF4E,2014-06-30 0:00
202,436757988,adventure-works\tawana0,/3/1/21/10/,4,Production Technician - WC40,10-Nov-89,S,M,05-Feb-09,False,50,45,True,BB4A3E50-232E-4212-9FAF-E67429FEBC7D,2014-06-30 0:00
206,835460180,adventure-works\stuart0,/3/1/22/1/,4,Production Technician - WC45,13-Sep-62,S,M,02-Dec-08,False,84,62,True,4F361B4F-7920-4037-9A0A-46D616F9B9C7,2014-06-30 0:00
207,687685941,adventure-works\greg0,/3/1/22/2/,4,Production Technician - WC45,18-Oct-70,S,M,02-Dec-08,False,85,62,True,A36B5D6B-72A5-47F8-9F6B-5D922130E760,2014-06-30 0:00
215,381772114,adventure-works\mark0,/3/2/1/3/,4,Quality Assurance Technician,30-Apr-86,S,M,15-Jan-09,False,83,61,True,6B63EF27-2C55-4F4C-BE29-FCE8B694DC4A,2014-06-30 0:00
216,403414852,adventure-works\sean0,/3/2/1/4/,4,Quality Assurance Technician,06-Mar-76,S,M,28-Dec-08,False,82,61,True,34E128CF-D904-4327-8014-9DF0D5DE7D08,2014-06-30 0:00
218,540688287,adventure-works\tengiz0,/3/2/2/1/,4,Control Specialist,28-Apr-90,S,M,16-Dec-08,False,76,58,True,C609B3B2-7969-410C-934C-62C34B63C4EE,2014-06-30 0:00
219,242381745,adventure-works\sean1,/3/2/2/2/,4,Document Control Assistant,12-Mar-87,S,M,22-Jan-09,False,78,59,True,F78657A9-83EF-4B4D-9809-3C4C6D1A7BB4,2014-06-30 0:00
232,646304055,adventure-works\pat0,/3/4/1/4/,4,Janitor,03-Dec-70,S,M,27-Jan-10,False,89,64,True,49238447-30EE-4009-993F-0B6C756AB436,2014-06-30 0:00
251,603686790,adventure-works\mikael0,/4/3/1/1/,4,Buyer,17-Aug-84,S,M,10-Feb-09,False,59,49,True,D0FD55FF-42FA-491E-8B3B-AB3316018909,2014-06-30 0:00
257,381073001,adventure-works\eric2,/4/3/1/7/,4,Buyer,17-Sep-72,S,M,27-Jan-10,False,54,47,True,A28AB377-06F5-417A-A5E2-59F459088699,2014-06-30 0:00
12,480168528,adventure-works\thierry0,/1/1/5/1/,4,Tool Designer,29-Jul-59,M,M,11-Dec-07,False,9,24,True,1D955171-E773-4FAD-8382-40FD898D5D4D,2014-06-30 0:00
28,14417807,adventure-works\guy1,/3/1/1/1/,4,Production Technician - WC60,13-Mar-88,M,M,30-Jun-06,False,21,30,True,AAE1D04A-C237-4974-B4D5-935247737718,2014-06-30 0:00
33,801758002,adventure-works\annik0,/3/1/1/6/,4,Production Technician - WC60,26-Dec-76,M,M,17-Dec-08,False,17,28,True,51FDE6AC-BD50-467C-90E5-10CA7310455C,2014-06-30 0:00
35,999440576,adventure-works\brandon0,/3/1/1/8/,4,Production Technician - WC60,10-Jan-77,M,M,08-Feb-09,False,22,31,True,CA5D1935-44E2-4C45-93BB-809E59F56796,2014-06-30 0:00
36,788456780,adventure-works\jose0,/3/1/1/9/,4,Production Technician - WC60,31-Jul-84,M,M,10-Feb-09,False,20,30,True,9E912556-88BA-41EE-B946-CB84AB4C1102,2014-06-30 0:00
42,339712426,adventure-works\james0,/3/1/2/2/,4,Production Technician - WC60,25-Jul-84,M,M,27-Dec-08,False,39,39,True,82E52D5A-165B-4C6D-9773-C3A6B6332ECD,2014-06-30 0:00
45,500412746,adventure-works\thomas0,/3/1/2/5/,4,Production Technician - WC60,10-Jan-86,M,M,26-Feb-09,False,37,38,True,8FF3AF67-32F2-4A08-98C3-A40F842D41A3,2014-06-30 0:00
50,844973625,adventure-works\sidney0,/3/1/3/3/,4,Production Technician - WC10,30-Aug-56,M,M,02-Feb-08,False,84,62,True,40D603D9-7F99-48B7-A580-B17CF429BED2,2014-06-30 0:00
58,571658797,adventure-works\kendall0,/3/1/4/3/,4,Production Technician - WC50,30-May-86,M,M,05-Dec-08,False,11,25,True,65207627-5521-4A8E-AD3C-B2F1B5226B85,2014-06-30 0:00
65,8066363,adventure-works\randy0,/3/1/5/3/,4,Production Technician - WC60,28-Apr-70,M,M,23-Feb-10,False,29,34,True,9A08108D-E039-4862-8F93-55F18017AD72,2014-06-30 0:00
70,36151748,adventure-works\david2,/3/1/5/8/,4,Production Technician - WC60,29-Dec-84,M,M,15-Dec-08,False,33,36,True,FC617BB8-D2A3-4374-873C-8EF38D80127D,2014-06-30 0:00
72,443968955,adventure-works\steven0,/3/1/6/1/,4,Production Technician - WC30,14-May-77,M,M,01-Dec-08,False,41,40,True,0A8937C9-68AA-4D48-BA4E-B40493D764AA,2014-06-30 0:00
79,697712387,adventure-works\eric1,/3/1/7/1/,4,Production Technician - WC40,08-Dec-66,M,M,24-Jan-10,False,60,50,True,55F62E38-9457-46C8-A824-E46A3117A935,2014-06-30 0:00
83,988315686,adventure-works\patrick1,/3/1/7/5/,4,Production Technician - WC40,23-Dec-73,M,M,12-Feb-10,False,61,50,True,296C52AE-169F-4292-975D-C508476DCECF,2014-06-30 0:00
84,947029962,adventure-works\frank3,/3/1/7/6/,4,Production Technician - WC40,02-Mar-52,M,M,05-Feb-10,False,66,53,True,9AF24ACC-EA3E-4EFE-B5E3-4762C496D57C,2014-06-30 0:00
86,769680433,adventure-works\ryan0,/3/1/7/8/,4,Production Technician - WC40,13-Jun-72,M,M,05-Jan-09,False,59,49,True,10E5BD6F-2B9C-4192-A94D-6A2D50EA1ADB,2014-06-30 0:00
92,826454897,adventure-works\tom0,/3/1/8/5/,4,Production Technician - WC10,01-Oct-86,M,M,10-Mar-10,False,98,69,True,B3BF7FC5-2014-48CE-B7BB-76124FA8446C,2014-06-30 0:00
94,718299860,adventure-works\russell0,/3/1/9/1/,4,Production Technician - WC50,25-Nov-72,M,M,12-Dec-08,False,6,23,True,6B10192F-D570-47C4-82C9-3D979B1EFDC1,2014-06-30 0:00
95,674171828,adventure-works\jim0,/3/1/9/2/,4,Production Technician - WC50,08-Sep-86,M,M,19-Dec-08,False,1,20,True,6175876E-8FCC-4917-BE06-FC358515E6DF,2014-06-30 0:00
98,152085091,adventure-works\sameer0,/3/1/9/5/,4,Production Technician - WC50,26-Jun-78,M,M,11-Feb-09,False,4,22,True,A703169F-1563-488E-914D-D784FD07F29A,2014-06-30 0:00
100,204035155,adventure-works\lolan0,/3/1/9/7/,4,Production Technician - WC50,24-Jan-73,M,M,12-Jan-09,False,7,23,True,9B9B768D-7CC1-4DCE-87CB-765AB73A6AFF,2014-06-30 0:00
101,153288994,adventure-works\houman0,/3/1/9/8/,4,Production Technician - WC50,30-Aug-71,M,M,25-Jan-09,False,3,21,True,9CE8B2E8-9944-4BA5-97DE-441D8314F161,2014-06-30 0:00
107,393421437,adventure-works\christopher0,/3/1/10/5/,4,Production Technician - WC10,01-Oct-86,M,M,08-Feb-10,False,91,65,True,F71C6055-557B-4660-86FF-8C0FA14B24E6,2014-06-30 0:00
114,342607223,adventure-works\mindaugas0,/3/1/11/6/,4,Production Technician - WC50,07-May-78,M,M,13-Jan-09,False,97,68,True,1D784088-DACB-4185-9F60-3D2DB4925BA5,2014-06-30 0:00
117,599942664,adventure-works\chad0,/3/1/11/9/,4,Production Technician - WC50,04-Aug-90,M,M,18-Feb-09,False,99,69,True,83A32D4C-4725-478F-9997-91739BB957BA,2014-06-30 0:00
118,222400012,adventure-works\don0,/3/1/11/10/,4,Production Technician - WC50,13-Jun-71,M,M,13-Feb-09,False,88,64,True,E720053D-922E-4C91-B81A-A1CA4EF8BB0E,2014-06-30 0:00
123,337752649,adventure-works\vamsi0,/3/1/12/2/,4,Shipping and Receiving Clerk,18-Mar-77,M,M,07-Dec-08,False,95,67,True,A8838AB2-99DE-415C-8675-D82EBF1C4752,2014-06-30 0:00
125,584205124,adventure-works\matthias0,/3/1/12/4/,4,Shipping and Receiving Clerk,11-Nov-73,M,M,20-Jan-09,False,94,67,True,54ED63DC-C62C-4CC7-89C2-015DF49C49A5,2014-06-30 0:00
126,652779496,adventure-works\jimmy0,/3/1/12/5/,4,Stocker,04-May-85,M,M,26-Feb-09,False,96,68,True,96442787-9520-4955-A457-38AFDDB6FF13,2014-06-30 0:00
135,964089218,adventure-works\ivo0,/3/1/14/1/,4,Production Technician - WC20,03-Jan-82,M,M,04-Dec-08,False,9,24,True,D83A26F3-7EA7-477B-A5BB-7EAADFC13A09,2014-06-30 0:00
136,701156975,adventure-works\sylvester0,/3/1/14/2/,4,Production Technician - WC20,12-Nov-70,M,M,11-Dec-09,False,4,22,True,D9C43D08-3882-4E5C-BDF0-F6BD7004CD04,2014-06-30 0:00
140,339233463,adventure-works\prasanna0,/3/1/14/6/,4,Production Technician - WC20,30-Apr-53,M,M,22-Jan-10,False,5,22,True,72ED240A-0FD8-4423-8A49-9078BA6BCF6C,2014-06-30 0:00
141,872923042,adventure-works\min0,/3/1/14/7/,4,Production Technician - WC20,10-Sep-74,M,M,24-Jan-10,False,1,20,True,CC75C35D-1566-43FA-B2E9-D1E508EFDCD1,2014-06-30 0:00
144,886023130,adventure-works\paul1,/3/1/14/10/,4,Production Technician - WC20,04-Nov-90,M,M,17-Jan-09,False,6,23,True,DC5BA622-B860-41EE-AF92-5FEB4779B589,2014-06-30 0:00
149,764853868,adventure-works\andy0,/3/1/15/4/,4,Production Technician - WC30,20-Oct-83,M,M,31-Jan-09,False,39,39,True,615A6BFE-3046-4037-9764-238535F725BE,2014-06-30 0:00
150,878395493,adventure-works\michael5,/3/1/15/5/,4,Production Technician - WC30,18-Sep-82,M,M,26-Feb-09,False,35,37,True,2B0876D4-8996-4E71-A613-BE2E98E7ACCF,2014-06-30 0:00
151,993310268,adventure-works\rostislav0,/3/1/15/6/,4,Production Technician - WC30,13-Sep-77,M,M,19-Feb-09,False,40,40,True,00027A8C-C2F8-4A31-ABA8-8A203638B8F1,2014-06-30 0:00
154,97728960,adventure-works\raymond0,/3/1/16/2/,4,Production Technician - WC20,02-Mar-67,M,M,23-Dec-08,False,10,25,True,9F01E1FB-B893-40CC-9F5C-AAF89F9B7AF5,2014-06-30 0:00
156,322160340,adventure-works\lane0,/3/1/16/4/,4,Production Technician - WC20,23-Sep-74,M,M,11-Jan-09,False,11,25,True,042427B8-3883-4A87-A6A3-724EE1690F49,2014-06-30 0:00
163,377784364,adventure-works\alex0,/3/1/17/3/,4,Production Technician - WC45,13-Apr-90,M,M,08-Feb-09,False,77,58,True,B96BC9C2-5A25-4A9B-887A-C7C10E47B80C,2014-06-30 0:00
165,539490372,adventure-works\chris0,/3/1/17/5/,4,Production Technician - WC45,16-Dec-88,M,M,22-Jan-09,False,76,58,True,300223F3-5587-4230-909B-D9C4AFD6D683,2014-06-30 0:00
170,476115505,adventure-works\george0,/3/1/18/4/,4,Production Technician - WC30,16-Apr-77,M,M,21-Dec-08,False,26,33,True,01B119A2-2AF3-4775-818E-B421FECB07A7,2014-06-30 0:00
172,364818297,adventure-works\marc0,/3/1/18/6/,4,Production Technician - WC30,24-Oct-86,M,M,16-Jan-09,False,22,31,True,1F151ABC-DB4A-431A-8A5D-15F46C5B8FFC,2014-06-30 0:00
175,259388196,adventure-works\reed0,/3/1/18/9/,4,Production Technician - WC30,08-Jan-89,M,M,02-Feb-09,False,23,31,True,B3967C00-7014-4960-AF15-B1A6D3094F6F,2014-06-30 0:00
176,860123571,adventure-works\david7,/3/1/18/10/,4,Production Technician - WC30,23-Sep-85,M,M,14-Feb-09,False,29,34,True,85AFB689-7EAB-41A8-B154-9446195D5BDE,2014-06-30 0:00
177,551346974,adventure-works\russell1,/3/1/18/11/,4,Production Technician - WC30,11-Feb-82,M,M,21-Feb-09,False,24,32,True,D54C7989-2675-4EF3-B392-370A8D264B2B,2014-06-30 0:00
184,305522471,adventure-works\john2,/3/1/19/4/,4,Production Technician - WC20,05-Apr-86,M,M,09-Feb-09,False,18,29,True,BAB69951-28AD-4BCA-B5AC-032746D0CC6F,2014-06-30 0:00
188,435234965,adventure-works\douglas0,/3/1/20/2/,4,Production Technician - WC45,24-Nov-85,M,M,27-Dec-08,False,80,60,True,1AB0EDEB-7558-4734-8423-5A11B44DCA35,2014-06-30 0:00
196,370487086,adventure-works\shammi0,/3/1/21/4/,4,Production Technician - WC40,04-Oct-80,M,M,24-Dec-08,False,53,46,True,9BEF0C94-7969-4905-9A42-CE469C754800,2014-06-30 0:00
197,632092621,adventure-works\rajesh0,/3/1/21/5/,4,Production Technician - WC40,04-Oct-77,M,M,31-Dec-08,False,48,44,True,ACA7B40C-7AC0-4DAA-B4C7-1051D850D7D9,2014-06-30 0:00
200,749211824,adventure-works\frank0,/3/1/21/8/,4,Production Technician - WC40,06-Sep-87,M,M,17-Jan-09,False,56,48,True,DD9AD278-ED17-40CF-8619-BAF1BB9D1CF2,2014-06-30 0:00
203,693168613,adventure-works\ken1,/3/1/21/11/,4,Production Technician - WC40,28-May-81,M,M,24-Feb-09,False,51,45,True,699C00D8-C4AB-4CD2-A48F-37CBCB5BFCCA,2014-06-30 0:00
204,440379437,adventure-works\gabe0,/3/1/21/12/,4,Production Technician - WC40,10-May-88,M,M,08-Mar-09,False,57,48,True,790C9A7C-264C-4D48-A9D3-E2571A8011D8,2014-06-30 0:00
208,199546871,adventure-works\scott0,/3/1/22/3/,4,Production Technician - WC45,10-Feb-87,M,M,08-Jan-09,False,86,63,True,E35DA50A-BB51-4E08-8B8D-87EF4650247A,2014-06-30 0:00
213,343861179,adventure-works\sootha0,/3/2/1/1/,4,Quality Assurance Technician,05-Dec-66,M,M,23-Feb-10,False,85,62,True,A3DADF19-27F0-460A-9888-CE6CAA9E3583,2014-06-30 0:00
214,131471224,adventure-works\andreas0,/3/2/1/2/,4,Quality Assurance Technician,28-Mar-89,M,M,02-Feb-09,False,84,62,True,F4DDD64F-DFFE-4DF3-AA17-D6BEA1924818,2014-06-30 0:00
221,260805477,adventure-works\chris1,/3/2/2/4/,4,Control Specialist,26-May-87,M,M,06-Mar-09,False,75,57,True,45C358FB-9C7F-4D36-8EC7-3D89E9FD07F4,2014-06-30 0:00
230,28414965,adventure-works\stuart1,/3/4/1/2/,4,Janitor,17-Dec-71,M,M,05-Mar-10,False,88,64,True,CC2791E6-7629-49C5-922A-81445AFDF033,2014-06-30 0:00
252,792847334,adventure-works\arvind0,/4/3/1/2/,4,Buyer,21-Aug-74,M,M,28-Feb-09,False,60,50,True,51DE26F0-6ED9-4A70-B689-88EB882674B6,2014-06-30 0:00
254,482810518,adventure-works\fukiko0,/4/3/1/4/,4,Buyer,24-Nov-70,M,M,04-Jan-10,False,57,48,True,36CD6636-C657-4FC7-9BFA-CC1BFA9102A2,2014-06-30 0:00
255,466142721,adventure-works\gordon0,/4/3/1/5/,4,Buyer,29-Nov-66,M,M,11-Jan-10,False,52,46,True,2CB2D5C3-C437-49B1-9FFD-FAA096F6126F,2014-06-30 0:00
256,367453993,adventure-works\frank2,/4/3/1/6/,4,Buyer,12-May-52,M,M,23-Jan-10,False,58,49,True,0423D8D0-1B14-4718-8C17-85E2F98D222F,2014-06-30 0:00
259,20269531,adventure-works\ben0,/4/3/1/9/,4,Buyer,03-Jun-73,M,M,09-Mar-10,False,55,47,True,B9641CAE-765C-4662-B760-C167A1F2B8B5,2014-06-30 0:00
261,280633567,adventure-works\reinout0,/4/3/1/11/,4,Purchasing Assistant,17-Jan-78,M,M,25-Dec-10,False,51,45,True,9825EB00-8E36-4506-93A2-6DDCDC0B13C3,2014-06-30 0:00
13,486228782,adventure-works\janice0,/1/1/5/2/,4,Tool Designer,28-May-89,M,F,23-Dec-10,False,8,24,True,954B91B6-5AA7-48C2-8685-6E11C6E5C49A,2014-06-30 0:00
30,410742000,adventure-works\britta0,/3/1/1/3/,4,Production Technician - WC60,28-Sep-89,M,F,29-Jan-09,False,14,27,True,FC12677F-42F8-4790-AD69-685088ED7E5F,2014-06-30 0:00
31,750246141,adventure-works\margie0,/3/1/1/4/,4,Production Technician - WC60,20-May-86,M,F,04-Jan-09,False,18,29,True,352D6E2F-655B-49A2-9FEC-EFD7D8CD0D30,2014-06-30 0:00
32,330211482,adventure-works\rebecca0,/3/1/1/5/,4,Production Technician - WC60,10-Jul-77,M,F,29-Dec-08,False,23,31,True,BDADEB5C-A596-4DA1-88BA-842C7A0CC10F,2014-06-30 0:00
34,754372876,adventure-works\suchitra0,/3/1/1/7/,4,Production Technician - WC60,10-Jun-87,M,F,16-Feb-09,False,15,27,True,6ADBD932-0DA5-4F5C-AF67-8E3A53630896,2014-06-30 0:00
38,6298838,adventure-works\kim1,/3/1/1/11/,4,Production Technician - WC60,14-Dec-66,M,F,16-Jan-10,False,24,32,True,891C27F4-28CC-44BB-BEA3-DA5EA7FBE957,2014-06-30 0:00
43,693325305,adventure-works\nancy0,/3/1/2/3/,4,Production Technician - WC60,19-Nov-88,M,F,02-Jan-09,False,34,37,True,6B7EB306-9A00-496A-98A9-4E94FE72F77C,2014-06-30 0:00
48,690627818,adventure-works\ruth0,/3/1/3/1/,4,Production Technician - WC10,04-Jun-56,M,F,06-Jan-08,False,83,61,True,3E3B6905-209E-442E-B8A8-9A0980241C6A,2014-06-30 0:00
52,565090917,adventure-works\doris0,/3/1/3/5/,4,Production Technician - WC10,04-Apr-56,M,F,10-Mar-08,False,86,63,True,692B8826-03B4-4C3B-82FC-1FC6F1409689,2014-06-30 0:00
53,9659517,adventure-works\diane0,/3/1/3/6/,4,Production Technician - WC10,29-Mar-56,M,F,28-Mar-08,False,87,63,True,C334B2D2-0C56-4906-9095-F1D07A98CBEC,2014-06-30 0:00
54,109272464,adventure-works\bonnie0,/3/1/3/7/,4,Production Technician - WC10,10-Sep-86,M,F,01-Jan-10,False,89,64,True,E950A52A-DF61-4FEC-9063-545664D65B89,2014-06-30 0:00
56,652535724,adventure-works\denise0,/3/1/4/1/,4,Production Technician - WC50,06-Jul-88,M,F,05-Feb-09,False,9,24,True,77878C43-F16E-437D-892F-3CFCC0715A0A,2014-06-30 0:00
61,92096924,adventure-works\diane2,/3/1/4/6/,4,Production Technician - WC50,09-Aug-89,S,F,18-Jan-09,False,8,24,True,721A2921-C415-46DE-9111-13F25F428B8B,2014-06-30 0:00
73,138280935,adventure-works\carole0,/3/1/6/2/,4,Production Technician - WC30,19-Oct-83,M,F,19-Dec-08,False,42,41,True,C76A41F1-A390-4AE4-A82A-2A87764C6391,2014-06-30 0:00
76,227319668,adventure-works\carol0,/3/1/6/5/,4,Production Technician - WC30,17-Oct-88,M,F,12-Feb-09,False,45,42,True,8D0182A3-5B59-4EEA-9B3C-C7F05DA9A2CE,2014-06-30 0:00
77,301435199,adventure-works\merav0,/3/1/6/6/,4,Production Technician - WC30,13-May-83,M,F,03-Mar-09,False,46,43,True,2EE7914A-62D3-473B-A0E1-E4E55341EC4E,2014-06-30 0:00
88,294148271,adventure-works\betsy0,/3/1/8/1/,4,Production Technician - WC10,17-Dec-66,S,F,18-Dec-09,False,99,69,True,EBCDBA1C-6C1D-4D36-90F7-1893755C85E3,2014-06-30 0:00
90,82638150,adventure-works\danielle0,/3/1/8/3/,4,Production Technician - WC10,07-Sep-86,S,F,20-Feb-10,False,97,68,True,BB886159-1400-4264-B7C9-A3769BEB1274,2014-06-30 0:00
91,390124815,adventure-works\kimberly0,/3/1/8/4/,4,Production Technician - WC10,13-Sep-86,S,F,12-Jan-10,False,95,67,True,CE256B6C-1EEE-43ED-9969-7CAC480FF4D7,2014-06-30 0:00
96,912141525,adventure-works\elizabeth0,/3/1/9/3/,4,Production Technician - WC50,25-Jan-90,M,F,02-Mar-09,False,5,22,True,62A9F73F-6443-4F2F-B864-18186614BFB6,2014-06-30 0:00
104,717889520,adventure-works\mary1,/3/1/10/2/,4,Production Technician - WC10,19-Sep-86,M,F,25-Dec-09,False,94,67,True,6DC9F7D0-5664-4E4A-90F5-7AB85EBB02E6,2014-06-30 0:00
109,113695504,adventure-works\alice0,/3/1/11/1/,4,Production Technician - WC50,26-Jan-78,M,F,07-Dec-08,False,95,67,True,7E632B21-0D11-4BBA-8A68-8CAE14C20AE6,2014-06-30 0:00
113,54759846,adventure-works\linda0,/3/1/11/5/,4,Production Technician - WC50,17-Jul-87,M,F,25-Dec-08,False,96,68,True,FB84759C-B687-43B2-8727-125EFE0F5E13,2014-06-30 0:00
115,563680513,adventure-works\angela0,/3/1/11/7/,4,Production Technician - WC50,31-May-91,S,F,20-Jan-09,False,92,66,True,4958E1C3-C872-4222-954E-09D2060EA7EF,2014-06-30 0:00
120,211789056,adventure-works\kitti0,/3/1/11/12/,4,Production Technician - WC50,06-Jun-87,S,F,04-Mar-09,False,89,64,True,49A05524-FA34-45B1-95BC-489901DC5B50,2014-06-30 0:00
122,586486572,adventure-works\susan0,/3/1/12/1/,4,Stocker,17-Feb-78,S,F,07-Dec-08,False,97,68,True,923ECFD6-E202-429A-9141-6CB183531439,2014-06-30 0:00
124,420776180,adventure-works\kim0,/3/1/12/3/,4,Stocker,30-Apr-84,S,F,26-Dec-08,False,98,69,True,6150F197-7923-40D4-84F2-936207D468AB,2014-06-30 0:00
132,1300049,adventure-works\nicole0,/3/1/13/5/,4,Production Technician - WC40,09-Apr-86,M,F,22-Feb-09,False,67,53,True,15671E3B-016F-41FD-840B-5A9F7D776D9A,2014-06-30 0:00
137,63761469,adventure-works\anibal0,/3/1/14/3/,4,Production Technician - WC20,05-Sep-74,S,F,23-Feb-09,False,8,24,True,BC18A829-F0CE-4EAF-9785-2D84C86F925A,2014-06-30 0:00
138,25011600,adventure-works\samantha0,/3/1/14/4/,4,Production Technician - WC20,22-Nov-87,M,F,04-Feb-09,False,7,23,True,1629EDDD-D0AE-4CB9-A59C-3A175F7027E5,2014-06-30 0:00
142,163347032,adventure-works\olinda0,/3/1/14/8/,4,Production Technician - WC20,04-Apr-70,S,F,04-Mar-10,False,3,21,True,6456CEC3-9B1E-4EBC-9FD8-732B93363F65,2014-06-30 0:00
147,604664374,adventure-works\sandra0,/3/1/15/2/,4,Production Technician - WC30,05-Nov-75,M,F,26-Dec-08,False,37,38,True,F69F3FF9-E1E0-4419-A6BF-F705E1556160,2014-06-30 0:00
157,812797414,adventure-works\linda1,/3/1/16/5/,4,Production Technician - WC20,05-Oct-77,S,F,03-Feb-09,False,12,26,True,F963F913-449E-4EBB-BFDA-FC0C3010DB65,2014-06-30 0:00
158,300946911,adventure-works\shelley0,/3/1/16/6/,4,Production Technician - WC20,08-Dec-86,S,F,07-Mar-09,False,14,27,True,13942056-2930-4490-83CE-AF2386D5A5E7,2014-06-30 0:00
162,514829225,adventure-works\laura0,/3/1/17/2/,4,Production Technician - WC45,25-Dec-80,S,F,03-Jan-09,False,75,57,True,FCCD65BA-2702-4409-AE56-75AF1710AC78,2014-06-30 0:00
169,351069889,adventure-works\susan1,/3/1/18/3/,4,Production Technician - WC30,02-Apr-83,S,F,14-Dec-08,False,31,35,True,F73D75D5-B47B-46EE-AD11-7BF13DD6C55D,2014-06-30 0:00
183,969985265,adventure-works\barbara0,/3/1/19/3/,4,Production Technician - WC20,02-Jul-79,M,F,22-Jan-09,False,17,28,True,045C9CBB-3448-4599-9FA9-6C7A9F82F832,2014-06-30 0:00
187,713403643,adventure-works\yvonne0,/3/1/20/1/,4,Production Technician - WC45,15-Apr-89,M,F,09-Dec-08,False,79,59,True,83C6DABF-FD7D-4F5B-BB22-EB7EEBB9A772,2014-06-30 0:00
189,187369436,adventure-works\janeth0,/3/1/20/3/,4,Production Technician - WC45,24-Jul-72,S,F,15-Jan-09,False,81,60,True,8261B8CB-BC3F-4BCE-B364-86035D870263,2014-06-30 0:00
198,19312190,adventure-works\lorraine0,/3/1/21/6/,4,Production Technician - WC40,26-Nov-88,M,F,04-Jan-09,False,49,44,True,A63966B6-9AD6-40BC-AFD4-A83745879F4D,2014-06-30 0:00
199,992874797,adventure-works\paula1,/3/1/21/7/,4,Production Technician - WC40,10-Feb-87,M,F,12-Jan-09,False,54,47,True,5DD2BE46-204F-4AF3-91F5-5EF082F6D6A6,2014-06-30 0:00
209,167554340,adventure-works\kathie0,/3/1/22/4/,4,Production Technician - WC45,01-Nov-90,M,F,27-Jan-09,False,87,63,True,25FC84D7-E013-44B8-82CD-63CD4723AF81,2014-06-30 0:00
210,20244403,adventure-works\belinda0,/3/1/22/5/,4,Production Technician - WC45,17-Sep-69,S,F,20-Feb-09,False,83,61,True,F714B5EC-CA7C-4E6E-A812-2C5A119F4C30,2014-06-30 0:00
220,260770918,adventure-works\karen0,/3/2/2/3/,4,Document Control Assistant,25-Dec-75,M,F,09-Feb-09,False,79,59,True,8A41ED23-7AE2-4C15-AA5D-9496E721F848,2014-06-30 0:00
229,879334904,adventure-works\lori1,/3/4/1/1/,4,Janitor,31-Jul-70,M,F,16-Feb-10,False,90,65,True,929FE187-EE24-4F5F-AF2A-F96324F09423,2014-06-30 0:00
231,153479919,adventure-works\jo1,/3/4/1/3/,4,Janitor,24-Apr-54,M,F,07-Mar-10,False,91,65,True,39AF5CCA-9B52-41E5-B510-72901D2578F6,2014-06-30 0:00
253,407505660,adventure-works\linda2,/4/3/1/3/,4,Buyer,30-Nov-70,M,F,17-Dec-09,False,56,48,True,ED06F9F4-2123-4C44-89D7-E43E1E1ABC2F,2014-06-30 0:00
258,785853949,adventure-works\erin0,/4/3/1/8/,4,Buyer,04-Jan-71,S,F,31-Jan-10,False,53,46,True,B60712A9-50A5-4296-B892-69C4701834B0,2014-06-30 0:00
260,437296311,adventure-works\annette0,/4/3/1/10/,4,Purchasing Assistant,29-Jan-78,M,F,06-Dec-10,False,50,45,True,9E03395F-4D5D-4A53-880E-174BD8C1DB59,2014-06-30 0:00
8,811994146,adventure-works\diane1,/1/1/4/1/,4,Research and Development Engineer,05-Jun-86,S,F,29-Dec-08,True,62,51,True,31112635-663B-4018-B4A2-A685C0BF48A4,2014-06-30 0:00
9,658797903,adventure-works\gigi0,/1/1/4/2/,4,Research and Development Engineer,21-Jan-79,M,F,16-Jan-09,True,63,51,True,50B6CDC6-7570-47EF-9570-48A64B5F2ECF,2014-06-30 0:00
10,879342154,adventure-works\michael6,/1/1/4/3/,4,Research and Development Manager,30-Nov-84,M,M,03-May-09,True,16,64,True,EAA43680-5571-40CB-AB1A-3BF68F04459E,2014-06-30 0:00
4,112457891,adventure-works\rob0,/1/1/1/,3,Senior Tool Designer,23-Dec-74,S,M,05-Dec-07,False,48,80,True,59747955-87B8-443F-8ED4-F8AD3AFDF3A9,2014-06-30 0:00
5,695256908,adventure-works\gail0,/1/1/2/,3,Design Engineer,27-Sep-52,M,F,06-Jan-08,True,5,22,True,EC84AE09-F9B8-4A15-B4A9-6CCBAB919B08,2014-06-30 0:00
6,998320692,adventure-works\jossef0,/1/1/3/,3,Design Engineer,11-Mar-59,M,M,24-Jan-08,True,6,23,True,E39056F1-9CD5-478D-8945-14ACA7FBDCDD,2014-06-30 0:00
7,134969118,adventure-works\dylan0,/1/1/4/,3,Research and Development Manager,24-Feb-87,M,M,08-Feb-09,True,61,50,True,4F46DECA-EF01-41FD-9829-0ADAB368E431,2014-06-30 0:00
11,974026903,adventure-works\ovidiu0,/1/1/5/,3,Senior Tool Designer,17-Jan-78,S,M,05-Dec-10,False,7,23,True,F68C7C19-FAC1-438C-9BB7-AC33FCC341C3,2014-06-30 0:00
14,42487730,adventure-works\michael8,/1/1/6/,3,Senior Design Engineer,16-Jun-79,S,M,30-Dec-10,True,3,21,True,46286CA4-46DD-4DDB-9128-85B67E98D1A9,2014-06-30 0:00
15,56920285,adventure-works\sharon0,/1/1/7/,3,Design Engineer,02-May-61,M,F,18-Jan-11,True,4,22,True,54F2FDC0-87C4-4065-A7A8-9AC8EA624235,2014-06-30 0:00
27,446466105,adventure-works\jo0,/3/1/1/,3,Production Supervisor - WC60,08-Oct-56,S,F,27-Feb-08,False,80,60,True,83FFAAC6-B895-481F-B897-14F965D4DA47,2014-06-30 0:00
40,309738752,adventure-works\jolynn0,/3/1/2/,3,Production Supervisor - WC60,16-Jan-56,S,F,26-Dec-07,False,82,61,True,2CC71B96-F421-485E-9832-8723337749BB,2014-06-30 0:00
47,33237992,adventure-works\andrew0,/3/1/3/,3,Production Supervisor - WC10,06-Sep-88,S,M,22-Feb-09,False,65,52,True,08365B05-C143-4260-A93C-6B69418B1946,2014-06-30 0:00
55,233069302,adventure-works\taylor0,/3/1/4/,3,Production Supervisor - WC50,01-Apr-56,M,M,08-Feb-08,False,79,59,True,28F7EF89-2793-4989-B67D-25046543C1E3,2014-06-30 0:00
62,494170342,adventure-works\john0,/3/1/5/,3,Production Supervisor - WC60,07-Aug-56,M,M,17-Mar-08,False,81,60,True,D4ED1F78-7C28-479B-BFEF-A73228BA2AAA,2014-06-30 0:00
71,578935259,adventure-works\michael3,/3/1/6/,3,Production Supervisor - WC30,29-Jan-89,S,M,15-Feb-09,False,70,55,True,1AD772D7-7B4A-4A7B-8676-49DD7608CB94,2014-06-30 0:00
78,370989364,adventure-works\reuben0,/3/1/7/,3,Production Supervisor - WC40,27-Aug-87,M,M,15-Dec-08,False,72,56,True,71EEE2A6-B9B3-4BF4-8949-01239DF7C901,2014-06-30 0:00
87,7201901,adventure-works\cristian0,/3/1/8/,3,Production Supervisor - WC10,11-Apr-84,M,M,22-Dec-08,False,67,53,True,5BE16416-8570-417D-9E54-047DB468B5E9,2014-06-30 0:00
93,778552911,adventure-works\kok-ho0,/3/1/9/,3,Production Supervisor - WC50,28-Apr-80,S,M,27-Dec-08,False,78,59,True,57FB2C0F-B105-49F0-967A-88F3D743CB3F,2014-06-30 0:00
102,360868122,adventure-works\zheng0,/3/1/10/,3,Production Supervisor - WC10,26-Oct-83,S,M,03-Dec-08,False,66,53,True,C75F2740-ACE3-4EBF-91C5-7AB352E1095F,2014-06-30 0:00
108,630184120,adventure-works\jinghao0,/3/1/11/,3,Production Supervisor - WC50,05-Feb-89,S,M,08-Dec-08,False,77,58,True,2BCA07D3-F2AC-4406-904F-E09156F3EB3E,2014-06-30 0:00
121,521265716,adventure-works\pilar0,/3/1/12/,3,Shipping and Receiving Supervisor,09-Sep-72,S,M,02-Jan-09,True,93,66,True,01BCCE22-D63A-4C3F-9BA8-D3D5A4C3BD52,2014-06-30 0:00
127,750905084,adventure-works\david4,/3/1/13/,3,Production Supervisor - WC40,02-Jul-83,S,M,03-Jan-09,False,73,56,True,516538E8-115B-44F4-AA7B-E6C1D9F8ADFC,2014-06-30 0:00
134,45615666,adventure-works\eric0,/3/1/14/,3,Production Supervisor - WC20,19-Jan-85,M,M,14-Jan-09,False,40,40,True,2ABCF39B-88D7-49FA-820A-83D223322BA5,2014-06-30 0:00
145,386315192,adventure-works\cynthia0,/3/1/15/,3,Production Supervisor - WC30,18-Aug-81,S,F,27-Jan-09,False,69,54,True,F9E1DC46-0D03-4A8A-B693-1A964BC13E6C,2014-06-30 0:00
152,319472946,adventure-works\yuhong0,/3/1/16/,3,Production Supervisor - WC20,06-Apr-77,M,M,01-Feb-09,False,41,40,True,F1A684F4-02DB-4B22-8977-6D8D3A21100E,2014-06-30 0:00
160,712885347,adventure-works\jeff0,/3/1/17/,3,Production Supervisor - WC45,15-Jan-77,M,M,21-Jan-09,False,74,57,True,7C7D459E-1F49-427D-9BD5-DE31880C85DC,2014-06-30 0:00
166,60114406,adventure-works\jack0,/3/1/18/,3,Production Supervisor - WC30,22-Jun-83,S,M,21-Feb-09,False,68,54,True,69A47230-70EE-48FD-AC15-C39F3712FF14,2014-06-30 0:00
180,862951447,adventure-works\katie0,/3/1/19/,3,Production Supervisor - WC20,18-Nov-84,S,F,20-Feb-09,False,42,41,True,5BE8B211-CBE5-45D8-84FD-23F36A881473,2014-06-30 0:00
186,551834634,adventure-works\shane0,/3/1/20/,3,Production Supervisor - WC45,24-May-90,S,M,08-Feb-09,False,75,57,True,2625C358-672A-4000-AD67-B8CD3F318285,2014-06-30 0:00
192,634335025,adventure-works\brenda0,/3/1/21/,3,Production Supervisor - WC40,28-Feb-83,M,F,05-Mar-09,False,71,55,True,714D519B-375E-4C5A-8491-C758D00CF95F,2014-06-30 0:00
205,332349500,adventure-works\lori0,/3/1/22/,3,Production Supervisor - WC45,18-Jul-80,S,F,26-Feb-09,False,76,58,True,23D436FC-08F7-4988-8B4D-490AA4E8B7E7,2014-06-30 0:00
212,885055826,adventure-works\peng0,/3/2/1/,3,Quality Assurance Supervisor,18-Mar-76,M,M,09-Dec-08,True,81,60,True,E249D613-36C9-4544-9B6F-6CE50E5E0DA5,2014-06-30 0:00
217,345106466,adventure-works\zainal0,/3/2/2/,3,Document Control Manager,30-Jan-76,M,M,04-Jan-09,False,77,58,True,DC60EEED-9F9F-4435-8666-4DE4FAFDE9C3,2014-06-30 0:00
223,981495526,adventure-works\sairaj0,/3/3/1/,3,Scheduling Assistant,22-Dec-87,M,M,26-Jan-09,False,46,43,True,4D36A720-CE32-4C47-866A-DB7844449309,2014-06-30 0:00
224,621209647,adventure-works\william0,/3/3/2/,3,Scheduling Assistant,06-Nov-81,M,M,07-Jan-09,False,45,42,True,1A68CD62-6FE9-4613-90D4-2CD178E4E54A,2014-06-30 0:00
225,470689086,adventure-works\alan0,/3/3/3/,3,Scheduling Assistant,29-Mar-84,M,M,13-Feb-09,False,47,43,True,DE321854-B076-4D59-BB7B-42152031B108,2014-06-30 0:00
226,368691270,adventure-works\brian1,/3/3/4/,3,Scheduling Assistant,11-Aug-84,M,M,03-Mar-09,False,48,44,True,DFA02733-C26E-4E31-99D8-9167E4E5131D,2014-06-30 0:00
228,553069203,adventure-works\christian0,/3/4/1/,3,Maintenance Supervisor,18-Jan-76,M,M,14-Dec-08,True,92,66,True,4611C7C5-90A0-407F-B054-93BD51533609,2014-06-30 0:00
233,552560652,adventure-works\magnus0,/3/4/2/,3,Facilities Administrative Assistant,27-Aug-71,M,M,21-Dec-09,False,87,63,True,0A4BCC09-ACE5-4481-9067-8B9ED70ECA18,2014-06-30 0:00
236,476980013,adventure-works\grant0,/4/1/1/,3,Human Resources Administrative Assistant,16-Apr-76,S,M,25-Feb-09,False,53,46,True,4511ABBA-7F34-400E-907B-A663C20E1A41,2014-06-30 0:00
237,416679555,adventure-works\hao0,/4/1/2/,3,Human Resources Administrative Assistant,17-Apr-77,S,M,06-Feb-09,False,52,46,True,FD53C4C8-B34E-460F-9EE5-747B07FE98B3,2014-06-30 0:00
238,264306399,adventure-works\vidur0,/4/1/3/,3,Recruiter,01-Aug-84,S,M,01-Jan-09,False,50,45,True,47E76B59-B137-4572-AD55-6B3E68C13BD3,2014-06-30 0:00
239,619308550,adventure-works\mindy0,/4/1/4/,3,Benefits Specialist,20-Nov-84,M,F,25-Dec-08,False,51,45,True,834D7AB6-06E6-4944-B42F-028CD4BD388E,2014-06-30 0:00
240,332040978,adventure-works\willis0,/4/1/5/,3,Recruiter,18-Jul-78,S,M,13-Dec-08,False,49,44,True,A1D86ECC-EA17-4B1B-8369-F1D07AB0A469,2014-06-30 0:00
242,363923697,adventure-works\deborah0,/4/2/1/,3,Accounts Receivable Specialist,06-Mar-76,M,F,18-Dec-08,False,60,50,True,09F75454-028C-46CA-BC08-0147BD0220D7,2014-06-30 0:00
243,60517918,adventure-works\candy0,/4/2/2/,3,Accounts Receivable Specialist,23-Feb-76,S,F,06-Jan-09,False,61,50,True,9E9F713B-707C-4F7E-9504-DE188052A045,2014-06-30 0:00
244,931190412,adventure-works\bryan1,/4/2/3/,3,Accounts Receivable Specialist,20-Sep-84,S,M,24-Jan-09,False,62,51,True,CB3E71EC-A381-4716-87DF-D3841AB9795A,2014-06-30 0:00
245,363910111,adventure-works\barbara1,/4/2/4/,3,Accountant,04-Jan-76,M,F,18-Feb-09,True,58,49,True,3FFBA84E-8E97-4649-A5E1-859649D83AAE,2014-06-30 0:00
246,663843431,adventure-works\dragan0,/4/2/5/,3,Accounts Payable Specialist,14-Feb-77,M,M,11-Feb-09,False,63,51,True,51C54D34-064B-44F7-A6B1-7702BD491980,2014-06-30 0:00
247,519756660,adventure-works\janet0,/4/2/6/,3,Accounts Payable Specialist,09-Mar-79,M,F,01-Mar-09,False,64,52,True,0C641D77-8675-493F-9947-8C65136559CD,2014-06-30 0:00
248,480951955,adventure-works\mike0,/4/2/7/,3,Accountant,01-Jul-79,S,M,08-Mar-09,True,59,49,True,AC35337D-7C75-4DEE-BB11-6564F257FE18,2014-06-30 0:00
250,895209680,adventure-works\sheela0,/4/3/1/,3,Purchasing Manager,10-Feb-78,S,F,25-Feb-11,True,49,44,True,7D6B0155-0191-4599-8394-378EBDE63C9A,2014-06-30 0:00
265,749389530,adventure-works\ashvini0,/5/1/1/,3,Network Administrator,27-Mar-77,S,M,04-Dec-08,False,70,55,True,2E680C1C-7C02-4343-9626-6F97273414C0,2014-06-30 0:00
266,672243793,adventure-works\peter1,/5/1/2/,3,Network Administrator,28-May-80,S,M,23-Feb-09,False,69,54,True,86601E6A-6955-40FC-BB4A-1053A843CE99,2014-06-30 0:00
275,841560125,adventure-works\michael9,/6/1/1/,3,Sales Representative,25-Dec-68,S,M,31-May-11,True,38,39,True,E19F8DE2-0F40-418C-84A2-DB48B98DC6A2,2014-06-30 0:00
276,191644724,adventure-works\linda3,/6/1/2/,3,Sales Representative,27-Feb-80,M,F,31-May-11,True,27,33,True,4509F387-D73A-43DC-A502-B1C27AA1DC9E,2014-06-30 0:00
277,615389812,adventure-works\jillian0,/6/1/3/,3,Sales Representative,29-Aug-62,S,F,31-May-11,True,24,32,True,A011C97B-081C-4739-996F-C1CAC4532F8D,2014-06-30 0:00
278,234474252,adventure-works\garrett1,/6/1/4/,3,Sales Representative,04-Feb-75,M,M,31-May-11,True,33,36,True,50EECC16-0D0D-43A9-9649-016C06DE8D78,2014-06-30 0:00
279,716374314,adventure-works\tsvi0,/6/1/5/,3,Sales Representative,18-Jan-74,M,M,31-May-11,True,29,34,True,BB510FCE-0105-4306-B591-6450D9EBF401,2014-06-30 0:00
280,61161660,adventure-works\pamela0,/6/1/6/,3,Sales Representative,06-Dec-74,S,F,31-May-11,True,22,31,True,7627B9D6-0707-4706-9AD9-0D37506B08AE,2014-06-30 0:00
281,139397894,adventure-works\shu0,/6/1/7/,3,Sales Representative,09-Mar-68,M,M,31-May-11,True,26,33,True,4103C891-37E8-4DFC-AEAC-B55E2BC1BE1C,2014-06-30 0:00
282,399771412,adventure-works\josé1,/6/1/8/,3,Sales Representative,11-Dec-63,M,M,31-May-11,True,31,35,True,FD3992FB-3067-451D-A09D-73BD53C0FECA,2014-06-30 0:00
283,987554265,adventure-works\david8,/6/1/9/,3,Sales Representative,11-Feb-74,S,M,31-May-11,True,23,31,True,1E8F9E91-508F-4D49-ACD2-775C836030ED,2014-06-30 0:00
284,90836195,adventure-works\tete0,/6/1/10/,3,Sales Representative,05-Jan-78,M,M,30-Sep-12,True,39,39,True,0C67CE00-DE78-4712-908F-06939A2C58D5,2014-06-30 0:00
286,758596752,adventure-works\lynn0,/6/2/1/,3,Sales Representative,14-Feb-77,S,F,30-May-13,True,36,38,True,4A9A8407-A680-4A6B-8D03-511CB58F9A8A,2014-06-30 0:00
288,954276278,adventure-works\rachel0,/6/3/1/,3,Sales Representative,09-Jul-75,S,F,30-May-13,True,35,37,True,B9BF7741-E0CA-4F37-ACDE-A4F78C6D03E9,2014-06-30 0:00
289,668991357,adventure-works\jae0,/6/3/2/,3,Sales Representative,17-Mar-68,M,F,30-May-12,True,37,38,True,723A5921-D8A1-4659-9BC4-13C4CF7C9C91,2014-06-30 0:00
290,134219713,adventure-works\ranjit0,/6/3/3/,3,Sales Representative,30-Sep-75,S,M,30-May-12,True,34,37,True,604213F9-DD0F-43B4-BDD2-C96E93D3F4BF,2014-06-30 0:00
1,295847284,adventure-works\ken0,,,Chief Executive Officer,29-Jan-69,S,M,14-Jan-09,True,99,69,True,F01251E5-96A3-448D-981E-0F99D789110D,2014-06-30 0:00
2,245797967,adventure-works\terri0,/1/,1,Vice President of Engineering,01-Aug-71,S,F,31-Jan-08,True,1,20,True,45E8F437-670D-4409-93CB-F9424A40D6EE,2014-06-30 0:00
3,509647174,adventure-works\roberto0,/1/1/,2,Engineering Manager,12-Nov-74,M,M,11-Nov-07,True,2,21,True,9BBBFB2C-EFBB-4217-9AB7-F97689328841,2014-06-30 0:00
16,24756624,adventure-works\david0,/2/,1,Marketing Manager,19-Mar-75,S,M,20-Dec-07,True,40,40,True,E87029AA-2CBA-4C03-B948-D83AF0313E28,2014-06-30 0:00
17,253022876,adventure-works\kevin0,/2/1/,2,Marketing Assistant,03-May-87,S,M,26-Jan-07,False,42,41,True,1B480240-95C0-410F-A717-EB29943C8886,2014-06-30 0:00
18,222969461,adventure-works\john5,/2/2/,2,Marketing Specialist,06-Mar-78,S,M,07-Feb-11,False,48,44,True,64730415-1F58-4E5B-8FA8-5E4DAEBA53B4,2014-06-30 0:00
19,52541318,adventure-works\mary2,/2/3/,2,Marketing Assistant,29-Jan-78,S,F,14-Feb-11,False,43,41,True,1F6DA901-C7F7-48A8-8EEF-D81868D72B52,2014-06-30 0:00
20,323403273,adventure-works\wanida0,/2/4/,2,Marketing Assistant,17-Mar-75,M,F,07-Jan-11,False,41,40,True,43CCA446-DA1C-454C-8530-873AD2923E1B,2014-06-30 0:00
21,243322160,adventure-works\terry0,/2/5/,2,Marketing Specialist,04-Feb-86,M,M,02-Mar-09,False,44,42,True,AD0D7626-4506-45C4-898F-9D7A0E13AABD,2014-06-30 0:00
22,95958330,adventure-works\sariya0,/2/6/,2,Marketing Specialist,21-May-87,S,M,12-Dec-08,False,45,42,True,AF21F1B7-0691-48AD-B325-B8F2D7B2268A,2014-06-30 0:00
23,767955365,adventure-works\mary0,/2/7/,2,Marketing Specialist,13-Sep-62,M,F,12-Jan-09,False,46,43,True,90899830-127E-4876-85CA-7F6E03025281,2014-06-30 0:00
24,72636981,adventure-works\jill0,/2/8/,2,Marketing Specialist,18-Jun-79,M,F,18-Jan-09,False,47,43,True,53575C58-FBA1-4C1A-B8FF-95E050B44393,2014-06-30 0:00
25,519899904,adventure-works\james1,/3/,1,Vice President of Production,07-Jan-83,S,M,03-Feb-09,True,64,52,True,D7314F24-2AF1-429C-9BBB-4038F45F3E6C,2014-06-30 0:00
26,277173473,adventure-works\peter0,/3/1/,2,Production Control Manager,03-Nov-82,M,M,01-Dec-08,True,43,41,True,69D5D162-E817-45E7-9DEC-5D9B8310E7B1,2014-12-26 9:17
211,398223854,adventure-works\hazem0,/3/2/,2,Quality Assurance Manager,26-Oct-77,S,M,28-Feb-09,True,80,60,True,05C84608-F445-4F9D-BB5C-0828C309C29D,2014-12-26 9:17
222,685233686,adventure-works\ascott0,/3/3/,2,Master Scheduler,17-Sep-68,S,M,12-Dec-08,False,44,42,True,13909262-4136-492F-BCA3-0B0E3773B03E,2014-12-26 9:17
227,141165819,adventure-works\gary1,/3/4/,2,Facilities Manager,18-Feb-71,M,M,02-Dec-09,True,86,63,True,62F6EC59-5635-44F3-9CC1-2D8EEAF90A05,2014-06-30 0:00
234,184188301,adventure-works\laura1,/4/,1,Chief Financial Officer,06-Jan-76,M,F,31-Jan-09,True,0,20,True,D5E315A6-BD65-4D67-9D5F-81EF5C4EF8A6,2014-06-30 0:00
235,535145551,adventure-works\paula0,/4/1/,2,Human Resources Manager,11-Feb-76,M,F,06-Dec-08,True,54,47,True,65028F15-4149-4DE5-B203-9D7EC86BAF87,2014-06-30 0:00
241,30845,adventure-works\david6,/4/2/,2,Accounts Manager,08-Jul-83,M,M,30-Jan-09,True,57,48,True,2DC9D534-F5D1-4A14-8282-0A2A0EB6FD4D,2014-06-30 0:00
249,121491555,adventure-works\wendy0,/4/3/,2,Finance Manager,11-Oct-84,S,F,25-Dec-08,True,55,47,True,8F410408-4AA8-4D67-886D-530BFE4EBE3B,2014-06-30 0:00
262,231203233,adventure-works\david5,/4/4/,2,Assistant to the Chief Financial Officer,21-Jun-64,S,M,12-Jan-09,False,56,48,True,BE81FD77-428C-449F-AB79-48B1CDF53D6A,2014-06-30 0:00
263,441044382,adventure-works\jean0,/5/,1,Information Services Manager,13-Dec-75,S,F,11-Dec-08,True,65,52,True,794A0B1F-C46A-401C-984D-008996FC7092,2014-06-30 0:00
264,858323870,adventure-works\stephanie0,/5/1/,2,Network Manager,25-Mar-84,S,F,04-Feb-09,True,68,54,True,221CBB7B-8BAE-452B-A16F-A67EBB3873C8,2014-06-30 0:00
267,58317344,adventure-works\karen1,/5/2/,2,Application Specialist,19-May-78,S,F,16-Feb-09,True,74,57,True,45C3D0F5-3332-419D-AD40-A98996BB5531,2014-06-30 0:00
268,314747499,adventure-works\ramesh0,/5/3/,2,Application Specialist,13-Mar-88,S,M,03-Feb-09,True,73,56,True,BE190269-4003-4D7F-809E-7B3FDC235DA8,2014-06-30 0:00
269,671089628,adventure-works\dan0,/5/4/,2,Application Specialist,26-May-87,M,M,11-Jan-09,True,72,56,True,71B0D010-5AC5-4E91-8EFA-C311C1372A73,2014-06-30 0:00
270,643805155,adventure-works\françois0,/5/5/,2,Database Administrator,17-May-75,S,M,17-Jan-09,True,67,53,True,0C7F025D-8D56-48EF-86C0-F09DB63D0182,2014-06-30 0:00
271,929666391,adventure-works\dan1,/5/6/,2,Database Administrator,06-Jan-76,M,M,22-Jan-09,True,66,53,True,2474E1A9-902D-466C-B0B2-6DCAC927F753,2014-06-30 0:00
272,525932996,adventure-works\janaina0,/5/7/,2,Application Specialist,30-Jan-85,M,F,23-Dec-08,True,71,55,True,241535C7-7A31-4A6A-9E0D-A83C30C2EDDA,2014-06-30 0:00
273,112432117,adventure-works\brian3,/6/,1,Vice President of Sales,06-Jun-77,S,M,15-Feb-11,True,10,25,True,F3EC557C-8B41-4EE6-BB0C-E3B93AFF81E5,2014-06-30 0:00
274,502097814,adventure-works\stephen0,/6/1/,2,North American Sales Manager,17-Oct-51,M,M,04-Jan-11,True,14,27,True,86D5FA9E-4BC0-48C8-91DC-1EC467418D11,2014-06-30 0:00
285,481044938,adventure-works\syed0,/6/2/,2,Pacific Sales Manager,11-Jan-75,M,M,14-Mar-13,True,20,30,True,86F292DB-B73C-429D-9912-800994D809FB,2014-06-30 0:00
287,982310417,adventure-works\amy0,/6/3/,2,European Sales Manager,20-Sep-57,M,F,16-Apr-12,True,21,30,True,66D66445-EE78-4676-9E66-0E22D6109A92,2014-06-30 0:00
