﻿LocationID,Name,CostRate,Availability,ModifiedDate
1,Tool Crib,$0.00,0,2008-04-30 0:00
2,Sheet Metal Racks,$0.00,0,2008-04-30 0:00
3,Paint Shop,$0.00,0,2008-04-30 0:00
4,Paint Storage,$0.00,0,2008-04-30 0:00
5,Metal Storage,$0.00,0,2008-04-30 0:00
6,Miscellaneous Storage,$0.00,0,2008-04-30 0:00
7,Finished Goods Storage,$0.00,0,2008-04-30 0:00
10,Frame Forming,$22.50,96,2008-04-30 0:00
20,Frame Welding,$25.00,108,2008-04-30 0:00
30,Debur and Polish,$14.50,120,2008-04-30 0:00
40,Paint,$15.75,120,2008-04-30 0:00
45,Specialized Paint,$18.00,80,2008-04-30 0:00
50,Subassembly,$12.25,120,2008-04-30 0:00
60,Final Assembly,$12.25,120,2008-04-30 0:00
